,login,fork_num,commit,star
0,akiselev,1,34621,26
0,ranquild,0,0,0
0,kulyk,11,33554,0
0,WiNloSt,36,85952,2
0,nemanjaglumac,18,29500,7
0,noahmoss,4,120,0
0,alxnddr,7,42301,0
0,gusaiani,23,51738,63
0,jeff303,48,89685,2
0,howonlee,26,41217,0
0,ariya,8,5099,400
0,camsaul,46,65149,5
0,adam-james-v,3,89,0
0,daltojohnso,13,11161,0
0,jeff-bruemmer,0,0,0
0,dpsutton,46,9201,0
0,frannietrempe,1,3458,0
0,rlotun,15,267319,20
0,flamber,2,3886,0
0,pawit-metabase,1,46,0
0,escherize,36,7369,1
0,iethree,9,60068,3
0,paoliniluis,4,4100,0
0,gvwilson,15,1279,15
0,mazameli,3,10845,0
0,tsmacdonald,34,10250,2
0,qnkhuat,32,85429,1
0,losrebellos,10,3549,7
0,paulrosenzweig,6,889,0
0,kdoh,17,89659,0
0,kidd,139,113562,371
0,robdaemon,19,9996,2
0,walterl,24,47155,2
0,ellie-metabase,0,0,0
0,Opalevanescence,2,16326,0
0,sbelak,20,5383,0
0,dianaafanador3,6,16392,0
0,tgoyne,14,16318,7
0,leemaguire,1,2068,1
0,kneth,18,27139,1
0,danieltabacaru,0,0,0
0,pavel-ship-it,0,0,0
0,mpobrien,53,141128,17
0,ericjordanmossman,2,2095,0
0,jsflax,14,5328,0
0,DominicFrei,9,657,0
0,jedelbo,8,27892,2
0,finnschiermer,1,8,0
0,kraenhansen,33,88219,1
0,fealebenpae,12,51510,0
0,stennie,117,91022,13
0,nirinchev,21,6594,0
0,bmunkholm,5,8902,0
0,qubblr,12,6192,0
0,heyzooi,51,106702,1
0,artem-alexandrov,3,4623,0
0,cmelchior,29,26689,33
0,osianSmith,7,7761,0
0,irace,11,2248,52
0,SandyChapman,29,40599,4
0,phoney,13,24857,0
0,bdash,6,10181,1
0,kishikawakatsumi,17,2196,53
0,jgavris,11,103628,19
0,crontab,1,47,0
0,mbalex99,63,70789,23
0,geoffmacd,24,42687,6
0,austinzheng,15,16848,16
0,icanzilb,47,67300,53
0,mohuilin,72,169146,1
0,gcox,24,14116,1
0,fawadsuhail,4,2534,0
0,BenjaminKim,22,26288,0
0,bigfish24,13,10138,1
0,emanuelez,31,62060,6
0,jpsim,82,98397,38
0,larkost,13,38573,1
0,nathan-contino-mongo,32,21380,1
0,aviwarner,9,27145,2
0,d-date,72,71440,3
0,nahive,2,2069,0
0,1amageek,62,105060,7
0,pixelchef,20,22731,0
0,TimOliver,63,54649,55
0,dimazen,18,13508,5
0,andkon,26,115423,1
0,tebica,5,9402,1
0,noisypigeon,0,0,0
0,0xced,222341,302,417
0,stel,8,4539,0
0,radu-tutueanu,1,151,0
0,teotwaki,22,15399,4
0,ryanhornik-as,1,2068,0
0,rokgregoric,32,34231,59
0,jdanthinne,23,5574,0
0,morten-krogh,0,0,0
0,mrackwitz,83,161217,15
0,sora0077,30,39087,3
0,AnthonyMDev,45,29064,16
0,bnickel,18,107818,25
0,koyachi,20,24091,6
0,esuEichi,14,57517,0
0,adomanico,0,0,0
0,beeender,32,126997,1
0,lesyk,82,174908,7
0,RafaelPlantard,31,8363,0
0,danielgindi,92,165504,309
0,IljaKosynkin,2,5755,0
0,skydivedan,13,27315,0
0,JadenGeller,0,0,0
0,zaki50,44,33545,14
0,ZhengzheYang,11,10228,0
0,johnma14,17,83351,0
0,lambdai,37,49109,1
0,zirain,23,18794,0
0,howardjohn,87,132032,12
0,litong01,20,22738,18
0,stevenctl,31,56541,6
0,ceastman-r7,1,6283,0
0,bianpengyuan,29,28711,0
0,ericvn,25,47313,0
0,dddddai,21,22435,0
0,nmittler,29,71504,1
0,Monkeyanator,40,100806,0
0,ramaraochavali,16,21485,0
0,costinm,60,61563,5
0,frankbu,9,56839,0
0,lgadban,8,10878,1
0,ruigulala,16,99296,2
0,lei-tang,27,70549,0
0,zhlsunshine,10,9990,0
0,hzxuzhonghu,72,159801,14
0,shankgan,8,54838,0
0,douglas-reid,35,22396,1
0,therealmitchconnors,46,40298,11
0,esnible,24,17565,0
0,yangminzhu,25,32621,0
0,morvencao,59,98078,1
0,ostromart,17,43565,0
0,richardwxn,28,46841,0
0,hanxiaop,21,79178,0
0,myidpt,27,28952,6
0,liminw,19,29065,0
0,jacob-delgado,22,15684,0
0,irisdingbj,20,50074,0
0,Kmoneal,24,16787,0
0,aryan16,10,35726,0
0,jtrbs,7,7334,0
0,kebe7jun,29,72531,0
0,GregHanson,23,25538,0
0,nmnellis,29,35689,1
0,dgn,34,22762,0
0,mandarjog,42,69126,2
0,linsun,45,71293,7
0,nicole-lihui,7,41550,0
0,justinpettit,7,9595,12
0,ZhiHanZ,84,185831,4
0,brian-avery,62,274530,0
0,sergii-ssh,8,8263,0
0,Shikugawa,41,33814,0
0,stewartbutler,16,12377,0
0,zackzhangkai,23,123749,1
0,nielsole,44,82920,7
0,jwendell,91,150969,4
0,su225,26,89608,3
0,yingzhuivy,9,66838,0
0,tbarrella,16,19353,0
0,eliavem,7,11891,0
0,zhaohuabing,41,74698,4
0,xulingqing,17,23918,0
0,kyessenov,54,53093,0
0,sunbit,16,3096,0
0,JimmyCYJ,45,321616,0
0,jasonwzm,48,57355,0
0,incfly,35,37657,1
0,adiprerepa,10,11391,0
0,zufardhiyaulhaq,38,87812,2
0,devincd,9,40343,0
0,silenceshell,71,171348,3
0,ChenglongGao327,15,85134,0
0,nak3,70,91580,0
0,jmazzitelli,48,30444,1
0,gy95,23,142151,0
0,S-Chan,7,33904,0
0,JoshVanL,50,67299,1
0,williamaronli,8,9474,0
0,kailun-qin,78,109001,0
0,ryantking,50,142162,2
0,shamsher31,41,84071,0
0,akshitgrover,35,170285,5
0,nrjpoddar,37,49399,5
0,chizhg,93,194846,0
0,qfel,9,14318,0
0,wzshiming,80,143870,9
0,lizan,74,129467,6
0,sridharlreddy,11,26159,1
0,domcyrus,12,41151,0
0,zhongfox,17,27177,3
0,smwyzi,2,12,0
0,shivanshu1333,42,156710,2
0,xichengliudui,135,321105,1
0,rveerama1,6,10885,0
0,dbgoytia,13,108100,0
0,elfinhe,13,14433,0
0,zerobfd,7,8774,0
0,DineshKrishnanG,1,6283,0
0,PiotrSikora,88,86582,39
0,carolynhu,32,18821,0
0,yanniszark,37,65845,1
0,gargnupur,14,13187,0
0,aattuluri,11,14078,0
0,josephpeacock,9,14356,0
0,panjf2000,7,77965,21
0,sdake,50,75643,1
0,liwenhao0810,6,6844,0
0,daixiang0,53,114981,0
0,sunzhaochang,11,54751,0
0,sel-vcc,7,13939,0
0,craigbox,41,100388,3
0,chethan-89,2,1033,0
0,diogormendes,14,7866,0
0,npfitz,20,12517,1
0,john-metabase,0,0,0
0,alazier,6,23131,1
0,segiddins,162,197992,21
0,kspangsege,1,2069,0
0,GreatApe,7,6524,0
0,zuschlag,0,0,0
0,timanglade,8,88576,13
0,simonask,9,2315,1
0,sheelc,19,34884,1
0,xian,28,15381,16
0,Gerg,29,26012,0
0,elliot-nelson,46,67957,4
0,infews,13,8518,7
0,nitobuendia,1,18042,0
0,voithos,28,63953,1
0,vhermannitk,1,2261,0
0,rgould,18,57930,8
0,DCtheTall,9,24908,0
0,jbunton-atlassian,10,30698,0
0,maxbrunsfeld,46,36743,6
0,moonmaster9000,35,39652,18
0,amilligan,2,156,3
0,kapke,15,72824,0
0,jsoref,1197,1475481,13
0,agilliland,2,15700,0
0,salsakran,14,29896,5
0,attekei,2,5,0
0,lewisl9029,56,175209,2
0,senior,43,21094,18
0,thearthur,22,6300,3
0,darkares2,1,0,0
0,mekjaer,11,19683,0
0,astigsen,1,18084,0
0,fyell,8,78146,0
0,danielpovlsen,2,9838,0
0,gcox,24,14116,1
0,amavisca,3,2804,0
0,jjepsen,1,0,0
0,tom-sparo,3,3981,0
0,liamnichols,41,27969,0
0,samritchie,44,33553,1
0,dismory,4,5974,0
0,Reflejo,41,44532,2
0,bjchrist,9,9982,1
0,cbess,19,6267,54
0,cltnschlosser,27,46352,0
0,yoshyosh,17,29678,0
0,kristiandupont,4,72,0
0,oleks,28,46093,1
0,vinnyt,52,49759,5
0,cbush,37,35717,1
0,hovoere,1,9,0
0,moored,40,186497,4
0,pizthewiz,27,15001,3
0,Anviking,14,3945,0
0,marcboquet,63,62414,18
0,mttrb,25,42451,11
0,natanrolnik,86,54228,0
0,OliverLetterer,41,111259,47
0,palewar,10,15372,1
0,geragray,1,0,0
0,ksvitkovsky,1,0,0
0,pivotalangellist,1,0,0
0,tonyarnold,191,186653,641
0,yuuki1224,16,13343,0
0,MarkVillacampa,16,24605,14
0,131e55,20,7684,0
0,allending,55,114961,194
0,nevil,15,19457,1
0,andr3a88,30,6863,1
0,neonichu,217,85246,78
0,conradev,22,57994,290
0,dacharyc,10,2370,0
0,molind,45,38572,5
0,zntfdr,2,404,2
0,byaruhaf,24,18964,0
0,ikesyo,160,163584,9
0,jlampa,19,38325,0
0,jongchulshin,1,0,0
0,kittinunf,4,436,1
0,lukecottage,12,1679,0
0,bagvendt,4,31258,0
0,bugix,59,75883,1
0,mrh-is,5,1851,0
0,mamaral,6,3307,5
0,nhachicha,20,22125,4
0,nicolas255,7,13854,0
0,paulyhedral,26,65287,1
0,pietbrauer,21,48789,2
0,porsager,66,78994,7
0,rogernolan,7,16839,1
0,rzulkoski,26,17421,0
0,manicmaniac,49,56444,3
0,raudabaugh,43,60573,0
0,appden,31,73599,17
0,ShingoFukuyama,36,50301,5
0,youri-jeongnakiwo,1,0,0
0,nakiwo,2,2090,0
0,zubco,14,6197,4
0,dependabot[bot],1,0,0
0,hectr,12,3245,0
0,plokijuhhb,33,35484,2
0,priteshrnandgaonkar,65,252390,3
0,ryanhornik-as,1,2069,0
0,seanadams540,3,3876,0
0,istio-testing,19,15202,0
0,rshriram,34,16450,3
0,geeknoid,3,3158,0
0,ayj,38,78116,0
0,sebastienvas,22,44848,1
0,ozevren,3,9625,0
0,ldemailly,23,71973,2
0,andraxylia,11,13299,0
0,ymesika,20,53208,0
0,myidpt,27,28963,6
0,hklai,11,11176,1
0,guptasu,22,51251,0
0,quanjielin,34,158790,0
0,diemtvu,17,16916,0
0,wattli,21,29065,3
0,lookuptable,27,96766,0
0,jmuk,35,49815,3
0,ZackButcher,21,12465,21
0,vadimeisenbergibm,22,46783,0
0,ijsnellf,9,14239,2
0,clyang82,74,116591,4
0,sushicw,16,150381,0
0,pitlv2109,16,58088,0
0,yutongz,11,43226,0
0,gyliu513,329,372900,8
0,chxchx,11,10410,0
0,Nino-K,28,104009,0
0,selmanj,28,101601,0
0,yxue,19,50177,0
0,xiaolanz,14,43417,0
0,tariq1890,172,273114,2
0,utka,1,282,0
0,AdamKorcz,146,273505,0
0,louiscryan,20,88158,0
0,elevran,12,1431,0
0,objectiser,155,68045,14
0,qiwzhang,29,48353,0
0,lichuqiang,18,71083,1
0,sbezverk,12,33816,2
0,jeffmendoza,49,72135,5
0,Tahler,1,0,0
0,venilnoronha,81,183969,2
0,johscheuer,135,212638,0
0,kramerul,1,0,0
0,c0d1ngm0nk3y,19,9585,0
0,john-a-joyce,11,9766,2
0,nschhina,16,33904,2
0,mattdelco,13,8516,0
0,zachgersh,15,41212,0
0,mangchiandjjoe,40,135508,1
0,smawson,8,12449,0
0,liamawhite,42,145893,0
0,SpecialYang,23,99749,1
0,abhide,15,10185,0
0,fisherxu,61,160571,1
0,manlinl,5,630,0
0,luksa,114,170316,25
0,rlenglet,2,5901,0
0,cmluciano,112,173121,4
0,islinwb,26,85724,0
0,mbanikazemi,25,101613,0
0,axel7born,15,8536,0
0,christian-posta,264,352884,44
0,tiswanso,17,11711,5
0,gbaufake,47,78874,1
0,stewart-yu,73,131331,0
0,jsPlachetka,2,25,0
0,rosenhouse,51,81901,0
0,wackxu,88,302243,0
0,shakti-das,24,45334,0
0,utako,20,42066,0
0,dwradcliffe,133,145793,28
0,geoand,169,113970,16
0,icygalz,13,15937,0
0,crazytan,8,22205,0
0,tangiel,10,13505,0
0,holgero,15,3907,3
0,joeyb,22,22378,0
0,philrud,6,13599,0
0,chowchow316,9,47519,0
0,yskopets,35,55450,2
0,sakshigoel12,1,6286,0
0,jackkleeman,43,152260,0
0,supereagle,50,177875,2
0,phil9909,20,38165,0
0,robertpanzer,49,80329,2
0,zcahana,27,57392,0
0,knightXun,154,547125,4
0,rvkubiak,19,54022,0
0,ChangyuWang,35,110932,3
0,kfaseela,9,2088,0
0,zhuguihua,14,106197,1
0,knight42,51,125606,2
0,waret,13,14337,0
0,apicl,2,6718,0
0,ronenschafferibm,13,22996,0
0,AdamDang,72,147482,2
0,hanahmily,32,101574,2
0,huang195,30,92814,0
0,justinwei2,5,7588,0
0,spikecurtis,38,53569,3
0,vbatts,150,227753,22
0,wenchenglu,8,15042,0
0,xeviknal,44,54268,5
0,YaoZengzeng,45,118630,9
0,YonkaFang,18,13626,0
0,mathspanda,11,138214,0
0,zc2638,15,46984,3
0,canthefason,39,52132,2
0,bison,26,42513,0
0,cgilmour,9,7873,1
0,ckcd,19,31655,0
0,AsCat,67,92266,1
0,bcheung,8,8103,0
0,gnirodi,9,28415,0
0,ping035627,6,82429,0
0,jnativio,9,7808,0
0,sha-rath,5,43800,0
0,loewenstein,54,39790,2
0,seflerZ,6,7059,0
0,alexburnos,1,6285,0
0,luckyxiaoqiang,11,14893,0
0,brianwolfe,19,27061,0
0,christianang,18,16471,0
0,redhotpenguin,59,49840,18
0,gliptak,25,9437,0
0,itaysk,48,138112,3
0,zchee,322,250330,32
0,leecalcote,76,105007,8
0,nlandolfi,10,36350,0
0,nicktrav,35,117529,2
0,pmichali,12,57615,0
0,PhilipGough,98,117093,0
0,rinormaloku,36,60123,1
0,jronak,14,31215,3
0,theganyo,21,106423,3
0,SeriyBg,43,107552,0
0,mathetake,13,24445,0
0,TrevorTaoARM,27,21473,0
0,vikaschoudhary16,55,110142,12
0,110y,79,68864,17
0,deveshkandpal24121990,4,14878,1
0,domechn,34,67388,0
0,l8huang,21,42040,0
0,wangfakang,275,408291,13
0,vishalpowar,6,19875,0
0,ydh926,13,35725,0
0,shonecyx,8,54158,0
0,rcurran1,3,7635,0
0,ChenLingPeng,34,150110,0
0,saumoh,1,0,0
0,zhucheng01,8,47620,0
0,tanjunchen,6,7370,0
0,adrianwg23,6,6376,0
0,XanderStrike,31,20989,0
0,anandkumarpatel,43,217352,2
0,arkodg,29,47502,0
0,blhagadorn,51,64083,3
0,drichelson,18,12208,2
0,deva26,8,42646,0
0,munnerz,89,137878,10
0,Stono,32,60678,88
0,whalecold,85,167074,1
0,luisyonaldo,13,70745,0
0,mdevilliers,10,42346,0
0,hickeyma,50,143474,2
0,nhsieh,8,26791,0
0,rokii,21,79026,0
0,rytswd,33,109000,0
0,starizard,25,100612,0
0,tak2siva,16,31221,0
0,shriramsharma,43,203595,0
0,tvieira,45,198771,0
0,wlu2016,1,0,0
0,yp28,13,82416,0
0,andrewshaoyu,5,35599,0
0,champly,26,26973,5
0,sniperking1234,52,118508,1
0,dzdx,34,78371,2
0,zhd173,4,20316,0
0,helight,8,21470,1
0,luckoseabraham,9,18705,0
0,FengyunPan2,73,245755,1
0,liwenhao0810,6,6876,0
0,rcernich,98,27197,25
0,aaronshurley,6,5103,0
0,dicarlo2,32,37488,0
0,awwithro,14,42277,0
0,sublimino,169,139635,9
0,plumdog,25,56335,0
0,arcimboldo,29,38562,2
0,arianmotamedi,4,8183,0
0,bingoarun,23,95973,0
0,btoonk,11,9281,0
0,keitwb,5,34000,0
0,cezarsa,107,187486,20
0,davidraskin,7,11670,0
0,EItanya,15,71721,0
0,ErikWittern,16,21917,0
0,etifontaine,5,7613,0
0,kidiyoor,17,10972,0
0,chaudyg,26,64185,0
0,Haleygo,12,75921,0
0,harryge00,103,303178,3
0,harveyxia,7,20478,0
0,mKeRix,19,40265,2
0,wora,7,5427,0
0,lcc3108,12,30079,0
0,FrimIdan,13,10695,0
0,imikushin,189,161272,14
0,jjasghar,278,128908,22
0,jasminejaksic-zz,10,18331,0
0,jpkrohling,286,169466,1
0,kerthcet,45,128674,0
0,249043822,21,105831,0
0,k,50,54221,1
0,krancour,41,43932,1
0,ewbankkit,60,96645,0
0,leizhiyuan,8,37577,0
0,sevennt,70,170665,34
0,LillyWu,30,46755,1
0,zenlint,27,78355,5
0,listx,62,92857,3
0,TianTianBigWang,6,1683,0
0,lucasvmiguel,23,31775,0
0,kramvan1,1,16,0
0,marshallford,1,7579,0
0,martonsereg,28,60485,6
0,michaelbannister,38,46342,1
0,morlay,77,196152,3
0,Niksko,42,57547,0
0,nikolay-pshenichny,6,11002,0
0,hacktron95,28,111214,0
0,pinxiong,25,135065,7
0,piotrkpc,17,20195,0
0,prune998,51,85046,9
0,yacut,56,119918,1
0,rmstoi,10,10734,0
0,silverdev,20,83590,4
0,sarvaniv,5,6170,0
0,SataQiu,290,642958,3
0,scaat,37,81727,0
0,ssuchter,8,36981,0
0,SchSeba,67,56667,0
0,songrgg,22,24283,0
0,steffengy,49,144267,5
0,stevehipwell,25,24649,1
0,sebastien-prudhomme,43,81421,2
0,kimxogus,55,68810,29
0,houshengbo,94,73915,0
0,wmuizelaar,21,29984,0
0,panywei,8,15223,0
0,zehuaiWANG,37,158990,0
0,kimikowang,7,13800,0
0,chrisob,24,44373,0
0,cocotyty,55,60974,1
0,dunjut,25,97906,0
0,dthomastx,8,3133,0
0,erdun,29,104451,0
0,jfaixo,1,817,0
0,jkbschmid,18,6360,0
0,jxlwqq,75,240111,24
0,laek3,3,7881,0
0,hwdef,37,81822,0
0,kevin21th,3,7389,0
0,mnktsts2,15,38232,0
0,Moriadry,57,341684,9
0,paassdc,11,49398,0
0,imroc,56,175835,15
0,salrashid123,21,11183,13
0,wangchenglong01,20,66536,0
0,x15zhang,12,9028,0
0,yangson1,1,6309,0
0,johnlanni,38,49876,1
0,adamglt,8,10000,0
0,AEGQ,32,152625,0
0,Aakash2017,7,10931,0
0,aaronmell,23,32524,6
0,aaronjwood,54,113597,4
0,abbasally5,15,15376,0
0,boredabdel,24,25236,0
0,abhioncbr,2,7229,0
0,adammil2000,5,18250,0
0,asmith60,10,29956,0
0,AdityaHarindar,5,1545,0
0,epk,7,23452,0
0,ajaymandvekar,4,8721,0
0,aljesusg,84,29688,8
0,gmemcc,18,45152,2
0,alexvanboxel,31,48703,2
0,baranov1ch,17,110387,4
0,sgravrock,16,57516,1
0,ragaskar,25,32539,16
0,pivotalops,1,11805,0
0,sconover,28,21579,17
0,johnjbarton,82,80666,59
0,tjarratt,71,81964,13
0,UziTech,298,478305,8
0,yopefonic,4,22615,0
0,pimterry,134,285127,6
0,prantlf,167,174244,105
0,prather-mcs,1,0,0
0,mrlannigan,52,45831,0
0,robinboehm,108,127381,5
0,rohit,1,0,0
0,Havunen,67,77499,1
0,seanparmelee,9,30219,0
0,a-r-d,44,122431,1
0,albertandrejev,23,9838,71
0,rupurt,82,100397,26
0,ajvincent,10,982,0
0,doochik,106,180439,9
0,megahertz,2,25,0
0,btakita,123,171025,59
0,caiotoon,39,150060,5
0,thewoolleyman,87,133519,61
0,charleshansen,17,7791,0
0,chivesrs,1,27157,0
0,ChrisTM,7,12739,0
0,codymikol,49,101529,1
0,DamienCassou,223,190864,32
0,bjornblomqvist,32,34053,45
0,dburt,13,5117,10
0,d-reinhold,10,15808,0
0,fabiomcosta,98,121941,56
0,tidoust,101,15360,2
0,gunnarahlberg,82,167777,20
0,jboyens,39,164486,12
0,jcracknell,8,6906,0
0,jan-molak,153,180796,5
0,deadlyicon,87,206347,29
0,javenwang,24,37095,1
0,jhamon,12,3976,0
0,kevinoid,89,160790,2
0,lee101,24,98598,0
0,plukevdh,82,77442,14
0,maciej-filip-sz,6,6984,3
0,mark-rushakoff,67,213299,14
0,mauricioborges,69,120565,0
0,marneborn,28,69097,0
0,nicojs,63,142880,0
0,Olical,46,43013,18
0,ptomato,54,71510,3
0,Finesse,4,514,5
0,teobais,56,160898,1
0,lpww,24,6621,1
0,tgirardi,28,48141,1
0,anseki,7,27372,0
0,bengrunfeld,9,18806,1
0,grosser,309,130175,375
0,minhyeong-kim,1,62,0
0,shprink,42,196283,6
0,aaronang,80,222945,1
0,asherwoodcnet,1,0,0
0,slothmonster,17,37649,0
0,parloti,44,63406,0
0,alextreppass,14,21357,0
0,akoptsov,8,11667,2
0,ath0mas,69,60950,4
0,andrewiggins,69,147409,7
0,AndreWillomitzer,11,48450,0
0,aeisenberg,75,121664,17
0,acinader,71,195082,6
0,aj-dev,20,19040,0
0,bcaudan,17,104868,0
0,beatrichartz,100,80922,10
0,bjarkler,12,87918,0
0,basawyer,14,30108,0
0,bbigras,122,60118,1
0,cbandy,53,97878,11
0,lalunamel,1,65,0
0,bodawei,19,13706,3
0,danfinnie,43,40292,5
0,thedeeno,153,169673,65
0,dankurka,24,37410,16
0,DanielHeath,121,140915,15
0,danilovaz,219,341851,4
0,Dari-K,11,46716,0
0,kant,110,8219,1
0,davetron5000,2,2070,0
0,divido,7,3551,0
0,dirkpuge,9,9711,1
0,dtychshenko,7,28170,0
0,edtsech,58,503985,242
0,epabst,32,49211,5
0,eahanson,22,3894,4
0,alur,14,18489,1
0,EsrefDurna,105,179394,2
0,riophae,3,784,0
0,gabrielhpugliese,32,35397,8
0,gdborton,49,105813,1
0,kiewic,10,32403,3
0,gregeinfrank,37,58554,2
0,greghuc,5,395,0
0,slackersoft,11,14831,2
0,henrahmagix,46,22300,3
0,himajasuman,11,165757,0
0,eltociear,685,2320680,16
0,ikonst,56,79212,1
0,James-Dunn,8,78319,0
0,thw0rted,25,93368,0
0,JannesMeyer,5,15920,0
0,trusktr,227,386532,17
0,joeyparrish,49,29930,7
0,johnlinp,49,289913,0
0,jberney,8,2916,0
0,joscha,258,353176,154
0,jpalermo,40,45317,5
0,joshk,47,84723,4
0,jurko-gospodnetic,24,42491,0
0,aligneddev,4,142,0
0,kkirsche,341,840662,15
0,kris7t,23,10827,3
0,ljwall,22,54331,0
0,limonte,4,55,0
0,kryger,7,6228,0
0,majidmade,4,48764,0
0,Maximaximum,33,117456,0
0,marcioj,81,130674,40
0,mcamac,22,28124,1
0,ertrzyiks,122,96742,2
0,nextmat,53,44474,26
0,mattc41190,24,69738,0
0,matthewhuff89,1,4,0
0,m1010j,4,2400,0
0,leahciMic,91,85988,3
0,mmocny,32,31073,39
0,metaweta,5,1798,0
0,chernetsov,7,31299,0
0,mkhanal,8,27465,0
0,pivotalzergling,5,1434,0
0,Nebojsaa,11,10494,0
0,dubzzz,63,153659,5
0,obastemur,43,85227,1
0,eventlistener,1,37,0
0,olleolleolle,1377,356057,53
0,Osukaru,30,94292,13
0,rullopat,2,2297,0
0,myitcv,15,5093,23
0,paulvanbrenk,34,95651,3
0,pvdlg,47,94992,2
0,prayagverma,30,62106,7
0,rachelcarmena,38,52908,1
0,evoL,21,43608,7
0,reinrl,22,18483,2
0,robbyice,3,126853,0
0,cathoderay,13,9690,8
0,sderickson,3,6194,0
0,Scottkao85,22,66653,1
0,SimenB,73,192680,7
0,skupr,6,63690,1
0,StephanBijzitter,23,21860,0
0,smacker,62,41211,148
0,sunliwen,137,277888,9
0,theefer,53,72736,9
0,tkrotoff,53,198276,3
0,tdurtschi,8,88414,0
0,terencehonles,85,237519,13
0,CommanderRoot,189,202702,3
0,toddbranch,27,44026,0
0,tcrayford,70,59426,27
0,tjgrathwell,53,81731,3
0,vikki,19,13490,0
0,yasinkocak,37,172567,0
0,aptx4869,46,43013,7
0,codetriage-readme-bot,902,1164704,0
0,danielalexiuc,33,45189,5
0,darthjee,7,55,1
0,guy-mograbi-at-gigaspaces,18,6541,0
0,apla,97,50387,26
0,josevalim,8,3014,17
0,eksperimental,76,188610,3
0,lexmag,22,36154,5
0,ericmj,57,16665,12
0,whatyouhide,2,5780,0
0,alco,13,6221,21
0,wojtekmach,106,21575,43
0,yrashk,171,162775,77
0,fertapric,10,8428,0
0,jwarwick,57,102361,3
0,fishcakez,75,40737,5
0,michalmuskala,113,56912,4
0,rafaelfranca,135,122722,51
0,amatalai,27,11802,0
0,devonestes,52,174603,0
0,mururu,76,72619,3
0,michallepicki,6,5936,0
0,ggcampinho,4,9320,1
0,ericentin,23,6870,3
0,vanstee,75,81601,3
0,chyndman,1,2882,0
0,josephwilk,46,31719,44
0,meh,101,53228,38
0,andrzejsliwa,149,130627,9
0,fxn,20,23464,0
0,zhew2013,27,111380,3
0,pragdave,74,161958,16
0,oneeman,4,16781,0
0,hauleth,66,60613,49
0,xfumihiro,208,252236,2
0,myronmarston,76,70454,92
0,guedes,20,79540,7
0,brunoro,23,12366,1
0,henrik,194,225271,211
0,MSch,118,116707,47
0,tsubery,3,35067,1
0,Qqwy,71,51325,4
0,miaout17,20,135501,15
0,bellthoven,14,25603,10
0,kelvinst,94,110152,35
0,Gazler,143,119563,45
0,lpil,92,28027,11
0,thomasc,9,5713,5
0,doorgan,21,10419,1
0,v0idpwn,50,41435,2
0,lau,30,30061,1
0,sabiwara,21,10974,2
0,khia,33,28377,9
0,Raynes,94,82111,56
0,bitwalker,58,33107,7
0,lest,61,57193,32
0,PragTob,138,91922,33
0,DuoSRX,17,27515,7
0,bbense,30,10623,5
0,Erol,54,90973,2
0,milmazz,49,30640,1
0,pavlos,58,36865,14
0,bjfish,136,179717,1
0,eugulixes,7,8239,0
0,hassanshaikley,13,4056,2
0,sasa1977,24,12327,10
0,LostKobrakai,167,85686,3
0,gmile,50,82858,0
0,KronicDeth,64,47979,9
0,martinsvalin,31,108937,1
0,tonini,47,78247,5
0,liveforeverx,234,29741,9
0,mobileoverlord,129,44659,13
0,lackac,65,58775,30
0,gabrieltaylor,76,79315,1
0,JakeBecker,15,29830,3
0,marcandre,134,120401,34
0,nathanl,110,101093,25
0,lukaszsamson,47,15521,2
0,robi-wan,20,13738,4
0,AndrewDryga,41,45304,11
0,benjamintanweihao,129,180369,56
0,jbampton,991,1409883,35
0,kimshrier,33,14592,0
0,udaysinghcode,18,21484,0
0,wkhere,38,12284,3
0,ivan,2,8672,0
0,joshprice,97,109453,59
0,pedrosnk,55,521733,9
0,jisaacstone,16,27420,0
0,edgurgel,2,416,2
0,tony612,119,242911,1
0,Eiji7,4,4232,0
0,aerosol,126,39387,13
0,blatyo,42,53921,21
0,augiedb,8,7224,0
0,benwilson512,64,64109,8
0,qcam,40,24909,2
0,gj,4,811,0
0,guilleiguaran,170,280710,97
0,maennchen,62,49187,1
0,britto,56,69168,14
0,scrogson,97,25405,20
0,sunboshan,4,7809,0
0,davydog187,75,21350,1
0,Troush,38,42759,0
0,entertainyou,26,45505,0
0,am-kantox,29,4787,1
0,uohzxela,19,46818,1
0,alehander92,99,99086,1
0,betawaffle,37,81484,2
0,carlosgaldino,24,45214,10
0,christhekeele,110,103044,1
0,davidsulc,44,41475,14
0,fireproofsocks,9,3046,0
0,fhunleth,101,36744,10
0,baldmountain,11,3429,0
0,axelson,263,131002,20
0,justbaker,1,1,0
0,kipcole9,45,8783,12
0,maartenvanvliet,99,67798,1
0,mhinz,11,19703,1
0,Nitrino,38,45723,0
0,uesteibar,21,8238,0
0,xavier,47,38405,11
0,drexin,39,65026,6
0,joeyates,25,13124,3
0,ktec,94,30739,10
0,wrachwal,7,3743,0
0,zambal,23,9222,0
0,balexand,16,10557,0
0,chrismccord,48,18649,21
0,jeremyjh,52,28865,39
0,lstor,1,0,0
0,xiamx,72,141935,112
0,styx,39,6780,1
0,NJichev,46,33930,1
0,obahareth,88,158066,3
0,sorentwo,13,10549,0
0,princemaple,100,115642,0
0,wardbekker,61,51939,26
0,jgmchan,20,12358,0
0,jsvisa,106,215769,6
0,manpages,53,50252,7
0,mitchellhenke,158,148589,14
0,CrowdHailer,83,34549,4
0,madlep,19,19028,4
0,asummers,45,20087,0
0,bschaeffer,5,7952,0
0,voltone,32,12577,2
0,Cohen-Carlisle,18,32719,0
0,c-rack,70,33055,6
0,hlhr,1,0,0
0,hubertlepicki,90,73859,37
0,jparise,126,131674,30
0,Kabie,35,32596,2
0,lsylvester,83,63981,18
0,lucasweiblen,1,0,0
0,maxlapshin,16,2783,16
0,amorphid,132,219570,3
0,pwoolcoc,89,328978,44
0,pma,45,31682,1
0,philss,20,9554,0
0,rlustin,45,40060,0
0,rrrene,363,224971,41
0,jayjun,55,84597,0
0,ToJans,45,50233,10
0,WLSF,56,81201,0
0,allyraza,89,218345,5
0,palexanderm,2,2887,0
0,terceiro,124,135105,23
0,starbelly,84,21606,2
0,l4u,307,214385,138
0,n1rvana,131,103020,42
0,tedhexaflow,3,176,0
0,mgwidmann,63,39831,0
0,aptinio,60,51448,0
0,adrianomitre,51,62250,1
0,cqfd,75,44646,22
0,arcz,52,112582,0
0,sionide21,44,34886,16
0,bryanenders,20,10612,0
0,cblage,28,18803,3
0,cw789,10,14232,0
0,xtian,116,136569,3
0,dch,47,31909,1
0,drueck,16,26012,0
0,derekkraan,7,3600,9
0,ezkl,85,69827,53
0,gclementsatrue,1,1536,0
0,ggpasqualino,17,20304,0
0,jdeisenberg,29,10515,3
0,jknipp,30,62138,2
0,iamvery,72,65363,1
0,jeanmatheussouto,34,240696,8
0,jonatanklosko,18,7799,5
0,J3RN,104,189866,3
0,krestenkrab,45,17358,32
0,laurocaetano,15,58691,0
0,lmarlow,60,479413,22
0,TheFirstAvenger,43,25139,4
0,nielsbom,49,83743,3
0,esse,39,35503,4
0,QuinnWilton,112,52896,3
0,RichMorin,83,67693,5
0,rgreenjr,8,8013,0
0,RudolfMan,28,13458,0
0,techgaun,233,383920,74
0,doomspork,39,87973,5
0,smaximov,92,38932,0
0,honsq90,1,32,0
0,Sihui,9,41095,0
0,smorin,323,244205,20
0,ma2gedev,86,103946,5
0,thiamsantos,61,43887,1
0,TBK145,4,3304,1
0,tomkadwill,3,22859,0
0,zgohr,37,81053,4
0,Zanadar,1,0,0
0,ephe-meral,18,11442,7
0,parroty,70,94479,2
0,preciz,3,733,0
0,lacrosse,15,32138,0
0,ciaran,22,8347,22
0,aaronrenner,105,65082,3
0,Adzz,56,36869,2
0,adamu,10,5704,0
0,xymbol,49,48224,0
0,azizk,17,11658,0
0,basdirks,1,2882,0
0,volcov,10,31246,0
0,ctrlShiftBryan,42,122820,0
0,carlosantoniodasilva,50,40856,34
0,carlosmn,62,109646,153
0,fabrik42,43,91467,11
0,cleidiano,18,6361,0
0,hairyhum,75,37352,17
0,derekmcloughlin,12,289898,108
0,dim,53,106274,42
0,zorbash,74,88092,1
0,dmlittle,9,26003,0
0,henrythebuilder,8,5880,0
0,ekosz,53,54484,16
0,wasnotrice,61,71047,27
0,eugmes,20,25130,1
0,feliperenan,8,5296,0
0,fmcgeough,18,42104,3
0,gmcabrita,1,543,0
0,ipinak,28,24928,1
0,JEG2,50,41159,58
0,hrubi,42,19138,0
0,jeffkreeftmeijer,69,54831,47
0,jeroenvisser101,130,222572,1
0,Joe-noh,65,52158,0
0,vorce,31,7489,0
0,johansja,20,9102,0
0,joladev,23,32177,0
0,jwfearn,26,43995,0
0,jonnystoten,23,16831,0
0,h4cc,242,121004,6
0,jur0,19,10584,2
0,justinj,49,87602,1
0,kevinbader,18,38212,0
0,Ljzn,33,14858,1
0,leandrocp,95,67626,0
0,marcelotto,7,2962,0
0,marciol,55,23514,15
0,kpanic,37,13492,5
0,mgartner,24,23835,0
0,patrickgombert,14,7259,0
0,pdgonzalez872,63,20991,0
0,pdericson,13,29582,0
0,romul,85,21998,147
0,radar,84,188648,27
0,sashaafm,24,15498,1
0,saulecabrera,21,16572,0
0,sabondano,60,29693,5
0,slapxxi,26,73564,0
0,sger,21,72753,0
0,shdblowers,8,30203,0
0,StevenXL,68,82135,0
0,tokafish,42,60088,0
0,supersimple,62,39572,2
0,Tuxified,31,13839,24
0,Stratus3D,14,20159,1
0,s3cur3,19,6280,0
0,dsdshcym,48,41468,5
0,aforward,10,3808,2
0,druzn3k,13,30073,0
0,fieldinrain,41,24691,0
0,k1complete,27,9044,14
0,niku,118,74549,70
0,adkron,57,58712,12
0,jvf,12,10672,0
0,ottolin,17,9821,0
0,superhawk610,31,40014,0
0,eproxus,65,106353,26
0,drincruz,24,41489,0
0,albertoalmagro,26,45560,3
0,aleinside,13,17414,0
0,amarandon,23,36259,8
0,brodeuralexis,26,8060,0
0,alistairstead,4,1198,0
0,potatosalad,137,67286,72
0,Odaeus,30,20702,11
0,AnilRedshift,19,10843,1
0,anildigital,49,72821,11
0,arjan,112,49024,19
0,arkgil,35,12047,8
0,artemrizhov,16,39824,5
0,blambi,5,4693,0
0,BenBals,19,43407,1
0,FreedomBen,158,165514,7
0,billgathen,25,9329,4
0,achempion,60,30515,1
0,brettbeatty,2,2962,0
0,orderthruchaos,37,15060,18
0,bcardarella,11,3506,0
0,thebrianemory,3,187,0
0,bgianfo,10,7142,1
0,beedub,38,66940,2
0,bruce,56,54305,14
0,zeroum,1,30,0
0,bryanhunter,109,75748,7
0,bryanjos,30,33151,4
0,cameronp,11,4891,1
0,soteras,1,16,0
0,ChrisBarthol,24,98485,1
0,cebernard,4,6476,2
0,tyre,63,92290,14
0,camilleryr,16,37351,0
0,m1dnight,11,9558,0
0,cas27,15,13493,0
0,revdan,22,50578,0
0,nifoc,43,37335,0
0,darraghenright,14,8137,0
0,dcuddeback,1,909,0
0,ukrbublik,18,10809,34
0,dnsbty,18,14242,0
0,ericlathrop,5,249,0
0,et,106,390756,14
0,qinix,68,126646,1
0,edennis,34,9356,4
0,enilsen16,49,36736,0
0,felipesere,43,25190,0
0,fchabouis,9,8777,0
0,gjaldon,107,144221,4
0,garthk,59,112142,5
0,GeorgeTaveras1231,64,85783,0
0,gianluca-nitti,11,4800,1
0,nirev,39,10057,2
0,glazzari,4,3914,0
0,Enders,12,27789,1
0,gustf,10,30846,0
0,Hanspagh,30,28956,1
0,QWYNG,75,52803,0
0,hissssst,28,8687,1
0,iangreenleaf,117,123726,12
0,igas,40,46152,0
0,van-mronov,44,68521,0
0,jcabotc,4,2925,0
0,jaimeiniesta,157,77291,52
0,jwworth,70,123447,1
0,jpb,33,28508,0
0,jrusso1020,14,35441,0
0,jarsen,3,1334,1
0,jeregrine,45,23736,5
0,ejpcmac,26,38826,0
0,jerel,49,63979,33
0,johan-carlsson,6,6826,1
0,mertonium,58,39130,29
0,jjcarstens,66,14954,2
0,jmbejar,42,76957,19
0,jbcrail,42,68982,5
0,jbranchaud,39,150265,4
0,linjunpop,92,46001,9
0,jung-hunsoo,11,7421,0
0,ankhers,17,27814,0
0,kiela,9,5622,0
0,k14i,12,16294,0
0,Kosmas,96,193322,6
0,wende,34,74731,7
0,lasseebert,52,25995,0
0,duijf,4,7752,7
0,mrluc,58,117722,2
0,maco,43,55842,5
0,Maikon,51,157457,0
0,mrcasals,54,86581,6
0,crabonature,8,12748,0
0,mariusbutuc,115,138846,3
0,msaraiva,16,7162,4
0,Frost,63,56994,11
0,msysyamamoto,23,68495,0
0,klippx,38,65881,18
0,notriddle,30,25857,58
0,michaelkschmidt,28,33229,1
0,koudelka,19,18801,20
0,sokolnickim,2,27096,0
0,mszczygiel,22,82543,0
0,MichalDolata,13,6440,0
0,szajbus,33,12468,3
0,linduxed,15,11957,1
0,boddhisattva,38,66204,0
0,nbw,37,37260,0
0,njonsson,6,3660,1
0,olafura,27,10160,1
0,orenbenkiki,5,1925,0
0,oskarkook,8,6448,0
0,pablocostass,21,7106,1
0,padde,50,51542,3
0,Hinidu,27,32107,0
0,noozo,21,10716,0
0,tlrobinson,60,203213,658
0,willtrnr,4,1948,0
0,joebordes,81,66536,1
0,dacort,56,92891,40
0,flyingmachine,30,38376,7
0,EvilPuppetMaster,2,3918,0
0,victoriaspek,0,0,0
0,datos-ops,0,0,0
0,r-kot,3,5030,2
0,cgopalan,26,62902,1
0,mavimo,222,255017,19
0,michaelshobbs,20,14121,5
0,kenbier,19,31629,2
0,joshuashort,6,6056,2
0,ascandella,67,59427,16
0,pfeiffer,120,143022,44
0,jornh,52,54245,3
0,ogeagla,20,30430,0
0,chaudum,47,100763,0
0,stefano,5,4390,0
0,Varunram,89,312430,0
0,jbrooksuk,10,1663,33
0,lukaswelte,60,166671,9
0,borkdude,175,405696,51
0,wtfleming,11,10991,0
0,metamben,1,0,0
0,bshepherdson,36,59696,5
0,lmatsuura,3,5078,0
0,michaelshen7310,0,0,0
0,nikita2206,33,42621,1
0,tanzoniteblack,44,50033,2
0,wvengen,24,7773,17
0,brunobergher,11,15333,0
0,puhrez,17,403602,0
0,mariusz-jachimowicz-83,21,4668,0
0,marcua,18,31776,10
0,bobwaycott,5,4556,0
0,malthejorgensen,63,160105,4
0,psalaberria002,45,33059,0
0,danielledalton,0,0,0
0,AlexanderKraev,1,3901,0
0,snoe,23,7962,3
0,MarkRx,1,1807,1
0,ghiculescu,176,118668,5
0,alexcwatt,41,160239,1
0,anoopk19,4,6020,0
0,aslanbakirov,47,169902,0
0,celwell,35,32752,2
0,devurandom,100,73160,11
0,dv321,8,10123,0
0,federicotdn,1,79,0
0,valtlfelipe,24,41081,0
0,ipeevski,16,10362,3
0,jacktasia,33,68173,4
0,parisholley,166,212675,9
0,pjaspers,56,40211,30
0,rplevy,19,6466,8
0,rodo,62,56853,5
0,yejianye,17,32471,7
0,Shashwat986,32,35322,2
0,lins05,66,103778,4
0,botchniaque,13,34423,0
0,wilson,40,58114,36
0,jaredmcdonald,18,505604,1
0,sunui,51,85445,16
0,PatButlerTR,0,0,0
0,rthouvenin,18,90966,0
0,VikramTiwari,84,254530,8
0,0xflotus,2231,1306043,76
0,Addvilz,39,60765,35
0,alai04,41,78240,0
0,andrioni,35,47042,1
0,AlexBeggs,39,113324,0
0,maliayas,10,8953,1
0,asavoy,65,159095,25
0,aminvakil,37,46874,33
0,andrewboltachev,10,81276,1
0,ei-grad,132,203001,13
0,stieg,24,16825,1
0,podviaznikov,130,100395,31
0,abn,152,234287,3
0,azundo,37,105574,1
0,bcherry,43,98818,138
0,blx,32,28262,2
0,Bonifacio2,21,379069,0
0,CarlRosell,60,117576,0
0,Cerberus,17,25532,0
0,cmann50,1,0,0
0,sturgill,12,9490,0
0,cjwooo,5,2634,0
0,c-oreills,26,47098,9
0,pygeek,45,183608,5
0,dakshshah96,71,219239,4
0,dleve123,35,30863,0
0,deecewan,75,63420,11
0,davidszkiba,6,13773,0
0,diwu1989,69,64790,1
0,diegmonti,1,530,0
0,rubiagatra,84,205175,10
0,druwynings,24,92304,3
0,dylburger,37,376766,1
0,etlweather,48,22973,3
0,erp12,15,24217,3
0,edenzik,27,58544,1
0,elarouche,6,4743,0
0,emurphy,25,546138,5
0,ericdallo,70,33968,4
0,etiennecallies,3,3960,0
0,ekalinin,53,328437,1
0,facundofarias,57,83545,0
0,frankzhao,30,34211,0
0,argvader,53,13431,2
0,marketingnerds,1,3901,0
0,GuiSim,35,121431,0
0,hkothari,6,29963,0
0,haydn,36,58053,0
0,hhfa1990,9,18928,0
0,HugoCornu,6,5005,0
0,hgwood,47,83637,2
0,halves-ubiwhere,1,1,0
0,ifosch,87,114584,6
0,jc-louis,4,4449,0
0,jacobfrackson,1,3901,0
0,jestan,24,21174,21
0,jimmy-outschool,1,3901,0
0,jodok,35,42518,6
0,joeirimpan,84,125989,3
0,wjoel,24,15368,0
0,johnbacon,51,130860,2
0,joneath,13,7143,3
0,josegonzalez,289,233105,52
0,jgoux,24,68307,0
0,u2mejc,27,37017,1
0,perrinjerome,57,106286,1
0,kkalyan,9,41678,0
0,gkarthiks,184,255296,0
0,khtdr,8,33716,1
0,kgeis,128,155401,0
0,thisiskj,11,92703,0
0,kistleh,6,4042,0
0,psaniko,6,4704,0
0,kimroen,78,126745,0
0,dashkb,54,118564,0
0,LewisJEllis,31,50235,0
0,lindsay-stevens,10,6068,4
0,lattwood,72,133797,0
0,perseghini,6,4257,0
0,mvertes,33,156733,0
0,marekaf,27,63609,0
0,mfeckie,122,125786,2
0,mattbillenstein,4,175,0
0,matthewconstantine,18,2851,10
0,matthieu-foucault,24,77903,0
0,maxgashkov,2,3911,0
0,kaplanmaxe,23,114253,0
0,MxKaras,8,4102,0
0,maxzheng,28,25855,0
0,cycomachead,111,100657,6
0,michaelglass,118,74731,14
0,michaelklishin,88,120641,62
0,mkopinsky,33,38339,3
0,michael-todorovic,13,15595,0
0,whatthewhat,33,24894,0
0,mfazekas,77,89340,24
0,farnasirim,28,84878,1
0,morganhankins,7,4804,0
0,redhoyasa,20,64343,0
0,nsmith5,15,3045,9
0,nvercamm,14,54628,0
0,nielspardon,7,12442,0
0,orlando,52,133346,3
0,ojongerius,54,163562,1
0,paulduran,20,33337,9
0,rohitpaulk,80,151491,3
0,paularmand,15,24124,0
0,philippeapril,7,6138,0
0,pdbrown,20,32421,0
0,Plugner,27,20082,2
0,bobchao,50,22176,13
0,aregee,68,111286,5
0,RanFeldeshKik,2,4112,0
0,raphaelmerx,43,71461,3
0,richardlt,16,9989,1
0,romannekhor,24,47324,0
0,ryancw,16,30056,0
0,samhogg,20,22576,0
0,pokoli,57,63771,7
0,sh-tatsuno,9,26828,1
0,moio,35,49305,0
0,snkashis,65,38511,6
0,smokris,43,10856,0
0,stratosgear,107,132243,4
0,pmint93,22,58274,2
0,rawyler,9,8235,4
0,TomSesselmann,7,9532,0
0,tiagovarela,7,14430,0
0,spike008t,139,229914,5
0,gitim,16,98096,0
0,tjmcewan,47,74541,4
0,tpope,8,12331,16
0,tobbbles,15,7904,0
0,tomaspinho,39,32759,1
0,vaenow,56,136720,8
0,fulldecent,270,512792,14
0,williamjacksn,1,0,0
0,wsvincent,18,51708,19
0,amyuki,6,8324,0
0,yannickcornaille,3,22769,0
0,yeskas,4,7893,0
0,yo-iida,7,20082,0
0,YuriGal,3,5604,0
0,adamfeldman-ris,6,12070,0
0,ajatamayo,19,38643,0
0,aljkor,1,0,0
0,asyncopation,3,6472,0
0,cahlchang,10,27762,0
0,chadawagner,14,22654,0
0,kaklakariada,11,1496,2
0,criess,14,33073,0
0,etoulas,12,21095,0
0,dogma0,17,125080,1
0,ghaudiquet,2,3975,0
0,hawaiik,1,3902,0
0,heckendorfc,26,6668,2
0,iGitScor,17,4960,1
0,jf-beauvais,6,3144,0
0,joannekoong,34,156358,0
0,iamkyu,14,12620,0
0,matt-sanders,11,22729,0
0,mix5003,9,4585,0
0,okoriko,3,5079,0
0,shaohua,188,267449,24
0,ssilberman,1,3902,0
0,taogawa,5,4471,0
0,wangkang,9,29270,0
0,wsterzik,1,0,0
0,xgdgsc,100,257161,2